City_ID,City,Lat,Lng,Max Temp,Humidity,Cloudiness,Wind Speed,Country,Date
0,makurdi,7.7411,8.5121,22.92,91,32,0.48,NG,2024-06-11
1,port-aux-francais,-49.35,70.2167,1.68,65,89,17.1,TF,2024-06-11
2,pangody,65.85,74.4859,9.0,78,67,3.8,RU,2024-06-11
3,bokoro,12.3807,17.0568,30.33,51,94,3.33,TD,2024-06-11
4,yeniseysk,58.4497,92.1703,13.3,79,17,1.34,RU,2024-06-11
5,grytviken,-54.2811,-36.5092,-9.32,76,16,5.53,GS,2024-06-11
6,waitangi,-43.9535,-176.5597,10.46,80,3,2.68,NZ,2024-06-11
7,yanbu,24.0891,38.0637,28.02,78,0,1.54,SA,2024-06-11
8,vilyuchinsk,52.9306,158.4028,9.15,91,100,1.65,RU,2024-06-11
9,hadibu,12.65,54.0333,27.73,77,100,6.43,YE,2024-06-11
10,recani,31.2846,-4.2688,24.88,39,0,8.73,MA,2024-06-11
11,adamstown,-25.066,-130.1015,21.62,88,95,8.09,PN,2024-06-11
12,whitehorse,60.7161,-135.0538,16.56,36,75,4.12,CA,2024-06-11
13,edinburgh of the seven seas,-37.0676,-12.3116,15.1,88,71,15.0,SH,2024-06-11
14,bani walid,31.7566,13.9942,34.67,15,57,2.92,LY,2024-06-11
15,stanley,54.868,-1.6985,7.93,95,75,0.0,GB,2024-06-11
16,kodiak,57.79,-152.4072,8.73,81,100,4.63,US,2024-06-11
17,taltal,-25.4,-70.4833,16.16,81,31,1.04,CL,2024-06-11
18,burang,30.25,81.1667,4.05,60,0,1.09,CN,2024-06-11
19,axim,4.8699,-2.2405,25.43,83,84,3.08,GH,2024-06-11
20,hotan,37.0997,79.9269,23.97,29,99,1.22,CN,2024-06-11
21,ilulissat,69.2167,-51.1,4.01,93,100,2.06,GL,2024-06-11
22,lihue,21.9789,-159.3672,30.58,67,40,5.14,US,2024-06-11
23,avarua,-21.2078,-159.775,25.03,53,75,8.23,CK,2024-06-11
24,ushuaia,-54.8,-68.3,-3.19,74,0,2.06,AR,2024-06-11
25,papatowai,-46.5619,169.4708,5.43,70,100,3.42,NZ,2024-06-11
26,kapa'a,22.0752,-159.319,30.99,74,40,5.14,US,2024-06-11
27,neijiang,29.5835,105.0622,21.2,88,97,1.35,CN,2024-06-11
28,al jubayl,27.0112,49.6583,30.72,74,0,3.42,SA,2024-06-11
29,igarka,67.4667,86.5833,11.68,88,100,5.36,RU,2024-06-11
30,san angelo,31.4638,-100.437,31.97,50,40,4.02,US,2024-06-11
31,olonkinbyen,70.9221,-8.7187,-1.18,83,14,0.92,SJ,2024-06-11
32,atafu village,-8.5421,-172.5159,28.54,76,87,3.07,TK,2024-06-11
33,praia da vitoria,38.7333,-27.0667,20.14,77,40,0.4,PT,2024-06-11
34,georgetown,5.4112,100.3354,28.3,86,20,2.06,MY,2024-06-11
35,margaret river,-33.95,115.0667,12.2,82,0,1.7,AU,2024-06-11
36,blackmans bay,-43.0167,147.3167,5.41,82,46,1.79,AU,2024-06-11
37,flying fish cove,-10.4217,105.6791,25.82,94,100,4.63,CX,2024-06-11
38,llerena,38.2354,-6.0739,18.01,64,56,2.79,ES,2024-06-11
39,bikenibeu village,1.3673,173.1241,30.98,70,40,4.12,KI,2024-06-11
40,bandundu,-3.3167,17.3667,23.97,39,62,0.34,CD,2024-06-11
41,ust-nera,64.5667,143.2,14.83,43,45,1.57,RU,2024-06-11
42,istgah-e rah ahan-e garmsar,35.2346,52.3094,29.8,20,19,2.56,IR,2024-06-11
43,masterton,-40.9597,175.6575,11.6,68,52,0.86,NZ,2024-06-11
44,west island,-12.1568,96.8225,26.99,89,75,6.17,CC,2024-06-11
45,luau,-10.7073,22.2247,13.42,52,17,2.16,AO,2024-06-11
46,anadyr,64.75,177.4833,11.28,66,0,4.0,RU,2024-06-11
47,broken hill,-31.95,141.4333,11.42,81,3,5.84,AU,2024-06-11
48,colonia,50.9333,6.95,11.09,79,20,2.57,DE,2024-06-11
49,puerto natales,-51.7236,-72.4875,-1.95,93,29,1.62,CL,2024-06-11
50,nevinnomyssk,44.6267,41.9453,16.77,90,0,2.75,RU,2024-06-11
51,anzio,41.4853,12.6179,22.14,84,92,4.38,IT,2024-06-11
52,bonthe,7.5264,-12.505,27.05,83,60,3.66,SL,2024-06-11
53,longyearbyen,78.2186,15.6401,1.91,93,75,2.57,SJ,2024-06-11
54,veraval,20.9,70.3667,29.07,76,41,5.67,IN,2024-06-11
55,blenheim,-41.516,173.9528,7.51,85,7,0.45,NZ,2024-06-11
56,namibe,-15.1961,12.1522,20.46,76,1,0.3,AO,2024-06-11
57,hammerfest,70.6634,23.6821,10.25,87,75,3.09,NO,2024-06-11
58,zuwarah,32.9312,12.082,27.7,57,42,2.69,LY,2024-06-11
59,udachny,66.4167,112.4,16.92,45,91,4.03,RU,2024-06-11
60,tabou,4.423,-7.3528,26.04,84,100,4.43,CI,2024-06-11
61,speightstown,13.25,-59.65,28.34,76,75,7.89,BB,2024-06-11
62,garoua,9.3,13.4,24.97,74,26,1.42,CM,2024-06-11
63,nguigmi,14.2495,13.1092,27.25,57,11,4.16,NE,2024-06-11
64,nova sintra,14.8667,-24.7167,23.72,85,20,7.15,CV,2024-06-11
65,alofi,-19.0595,-169.9187,25.94,83,75,6.17,NU,2024-06-11
66,port shepstone,-30.7414,30.455,15.65,54,67,2.65,ZA,2024-06-11
67,garagoa,5.0824,-73.3633,17.41,96,95,0.46,CO,2024-06-11
68,yinchuan,38.4681,106.2731,27.17,21,7,2.03,CN,2024-06-11
69,urengoy,65.9667,78.3667,7.45,76,24,1.17,RU,2024-06-11
70,thompson,55.7435,-97.8558,15.09,82,100,1.03,CA,2024-06-11
71,muroto-misakicho,33.2833,134.15,22.01,84,100,3.74,JP,2024-06-11
72,weno,7.4515,151.8468,28.97,79,40,3.6,FM,2024-06-11
73,petropavlovsk-kamchatsky,53.0452,158.6483,8.33,90,75,4.47,RU,2024-06-11
74,albany,42.6001,-73.9662,19.46,69,90,2.09,US,2024-06-11
75,isafjordur,66.0755,-23.124,8.85,63,64,0.95,IS,2024-06-11
76,yellowknife,62.456,-114.3525,16.29,48,75,4.63,CA,2024-06-11
77,elliot lake,46.3834,-82.6331,16.39,40,99,2.67,CA,2024-06-11
78,aykhal,66.0,111.5,18.06,46,66,2.16,RU,2024-06-11
79,port hedland,-20.3167,118.5667,15.03,58,0,4.12,AU,2024-06-11
80,hermanus,-34.4187,19.2345,17.11,80,41,11.65,ZA,2024-06-11
81,paramonga,-10.6667,-77.8333,18.74,81,75,2.55,PE,2024-06-11
82,remire-montjoly,4.9167,-52.2667,27.02,89,0,1.54,GF,2024-06-11
83,emerald,-23.5333,148.1667,19.24,33,0,2.44,AU,2024-06-11
84,wenling,28.3669,121.36,23.54,97,96,1.19,CN,2024-06-11
85,klyuchi,52.2667,79.1667,14.28,86,91,3.58,RU,2024-06-11
86,talnakh,69.4865,88.3972,5.11,96,100,3.48,RU,2024-06-11
87,haiku-pauwela,20.9219,-156.3051,28.43,71,0,11.83,US,2024-06-11
88,itaituba,-4.2761,-55.9836,27.44,72,68,0.77,BR,2024-06-11
89,portland,45.5234,-122.6762,24.73,46,75,5.66,US,2024-06-11
90,hasaki,35.7333,140.8333,25.16,80,95,4.97,JP,2024-06-11
91,fort bragg,35.139,-79.006,28.91,46,0,2.06,US,2024-06-11
92,constantia,44.1833,28.65,24.38,72,57,3.53,RO,2024-06-11
93,cabo san lucas,22.8909,-109.9124,33.12,46,5,5.33,MX,2024-06-11
94,harper,4.375,-7.7169,26.18,83,100,4.59,LR,2024-06-11
95,yanam,16.7333,82.2167,27.43,82,91,2.69,IN,2024-06-11
96,saipan,15.1355,145.701,29.39,84,40,3.6,MP,2024-06-11
97,tiksi,71.6872,128.8694,2.25,80,43,1.16,RU,2024-06-11
98,sitka,57.0531,-135.33,10.32,80,100,2.92,US,2024-06-11
99,egilsstadir,65.2653,-14.3948,4.95,87,0,5.14,IS,2024-06-11
100,bethel,41.3712,-73.414,21.63,66,96,0.45,US,2024-06-11
101,karratha,-20.7377,116.8463,18.46,54,0,1.97,AU,2024-06-11
102,iqaluit,63.7506,-68.5145,1.85,87,75,1.54,CA,2024-06-11
103,waddan,29.1614,16.139,34.06,10,0,5.52,LY,2024-06-11
104,hawaiian paradise park,19.5933,-154.9731,27.73,72,0,5.14,US,2024-06-11
105,yarmouth,41.7057,-70.2286,21.0,74,75,2.57,US,2024-06-11
106,geraldton,-28.7667,114.6,16.23,94,75,1.54,AU,2024-06-11
107,lubango,-14.9172,13.4925,14.92,47,0,3.09,AO,2024-06-11
108,guerrero negro,27.9769,-114.0611,20.51,62,0,9.59,MX,2024-06-11
109,feicheng,35.2606,117.9675,24.87,72,44,2.38,CN,2024-06-11
110,gweru,-19.45,29.8167,7.13,80,4,3.53,ZW,2024-06-11
111,new norfolk,-42.7826,147.0587,6.07,84,71,2.19,AU,2024-06-11
112,rongelap,11.1635,166.8941,28.15,81,22,8.46,MH,2024-06-11
113,tura,25.5198,90.2201,24.3,97,55,1.87,IN,2024-06-11
114,palikir - national government center,6.9248,158.1611,28.47,84,100,5.14,FM,2024-06-11
115,morrope,-6.5417,-80.0111,21.06,76,88,6.98,PE,2024-06-11
116,aasiaat,68.7098,-52.8699,1.14,90,100,1.84,GL,2024-06-11
117,east london,-33.0153,27.9116,20.88,31,100,4.08,ZA,2024-06-11
118,glazov,58.1394,52.6584,20.46,80,100,5.98,RU,2024-06-11
119,pecanha,-18.5486,-42.5569,17.0,71,0,1.94,BR,2024-06-11
120,tual,-5.6667,132.75,26.63,82,100,8.99,ID,2024-06-11
121,tshabong,-26.05,22.45,11.21,36,37,6.36,BW,2024-06-11
122,invercargill,-46.4,168.35,3.34,80,100,2.68,NZ,2024-06-11
123,mogocha,53.7333,119.7667,16.22,54,78,0.82,RU,2024-06-11
124,alice springs,-23.7,133.8833,8.75,81,0,2.57,AU,2024-06-11
125,punta arenas,-53.15,-70.9167,0.06,100,100,5.14,CL,2024-06-11
126,sao joao da barra,-21.6403,-41.0511,20.05,81,19,2.98,BR,2024-06-11
127,safford,32.834,-109.7076,39.86,8,0,4.63,US,2024-06-11
128,wailua homesteads,22.0669,-159.378,30.24,74,40,5.14,US,2024-06-11
129,arraial do cabo,-22.9661,-42.0278,17.98,88,0,0.0,BR,2024-06-11
130,la'ie,21.6477,-157.9253,28.98,77,52,4.47,US,2024-06-11
131,macapa,0.0389,-51.0664,26.99,89,100,1.03,BR,2024-06-11
132,alaghsas,17.0187,8.0168,28.13,48,81,2.88,NE,2024-06-11
133,galveston,29.3669,-94.9669,33.38,68,0,2.06,US,2024-06-11
134,holualoa,19.6228,-155.9522,28.08,76,40,4.63,US,2024-06-11
135,lebu,-37.6167,-73.65,12.77,92,100,8.1,CL,2024-06-11
136,capelinha,-17.6914,-42.5158,14.28,73,2,2.17,BR,2024-06-11
137,kingston,17.997,-76.7936,32.53,62,20,9.77,JM,2024-06-11
138,lazaro cardenas,17.9583,-102.2,28.37,71,98,3.89,MX,2024-06-11
139,puerto armuelles,8.2833,-82.8667,27.99,72,100,1.79,PA,2024-06-11
140,vadso,70.0744,29.7487,5.49,93,100,5.14,NO,2024-06-11
141,qaqortoq,60.7167,-46.0333,2.16,98,100,2.51,GL,2024-06-11
142,ilhabela,-23.7781,-45.3581,21.55,83,0,0.68,BR,2024-06-11
143,marsa alam,25.0757,34.8918,30.81,30,0,3.36,EG,2024-06-11
144,fortuna,40.5982,-124.1573,19.96,79,40,7.2,US,2024-06-11
145,tarnogskiy gorodok,60.4997,43.5761,14.74,98,99,1.23,RU,2024-06-11
146,san luis de la loma,17.2706,-100.8939,29.5,65,94,3.29,MX,2024-06-11
147,vorgashor,67.5833,63.95,5.45,69,50,3.51,RU,2024-06-11
148,jamestown,42.097,-79.2353,15.77,79,100,3.09,US,2024-06-11
149,college,64.8569,-147.8028,21.99,61,75,3.6,US,2024-06-11
150,toliara,-23.35,43.6667,19.15,77,0,6.79,MG,2024-06-11
151,port mathurin,-19.6833,63.4167,24.16,74,73,8.89,MU,2024-06-11
152,trail,49.0998,-117.7022,29.27,25,37,6.49,CA,2024-06-11
153,zag,46.9441,99.165,12.9,60,56,1.1,MN,2024-06-11
154,bilibino,68.0546,166.4372,16.77,37,69,2.58,RU,2024-06-11
155,sidi salim,31.271,30.7867,23.41,71,0,2.73,EG,2024-06-11
156,nanzhou,29.3596,112.4024,24.45,89,91,2.11,CN,2024-06-11
157,kapuskasing,49.4169,-82.4331,24.0,23,75,4.63,CA,2024-06-11
158,el calafate,-50.3408,-72.2768,0.35,77,82,0.72,AR,2024-06-11
159,yuzhno-kurilsk,44.0306,145.8556,11.88,99,97,2.13,RU,2024-06-11
160,kone,-21.0595,164.8658,23.52,55,8,1.66,NC,2024-06-11
161,pavlovsk,50.4578,40.1081,22.74,62,38,2.25,RU,2024-06-11
162,cartagena,10.3997,-75.5144,30.79,74,40,3.6,CO,2024-06-11
163,kolonia town,6.964,158.206,29.06,84,100,5.14,FM,2024-06-11
164,nouadhibou,20.931,-17.0347,22.99,64,5,9.77,MR,2024-06-11
165,ancud,-41.8697,-73.8203,11.73,90,93,4.52,CL,2024-06-11
166,tazovsky,67.4667,78.7,3.34,74,72,0.71,RU,2024-06-11
167,mata-utu,-13.2816,-176.1745,27.66,77,23,5.05,WF,2024-06-11
168,port alfred,-33.5906,26.891,21.77,39,82,2.24,ZA,2024-06-11
169,iskateley,67.6803,53.1512,6.68,90,78,3.58,RU,2024-06-11
170,kavieng,-2.5744,150.7967,27.34,85,99,7.68,PG,2024-06-11
171,mogadishu,2.0371,45.3438,25.76,80,89,7.11,SO,2024-06-11
172,dattapur,20.7667,78.1667,32.84,48,100,4.3,IN,2024-06-11
173,goba,7.0167,39.9833,10.97,92,94,1.68,ET,2024-06-11
174,talara,-4.5772,-81.2719,25.42,65,0,5.68,PE,2024-06-11
175,hithadhoo,-0.6,73.0833,28.31,75,93,3.23,MV,2024-06-11
176,bredasdorp,-34.5322,20.0403,14.8,73,29,8.14,ZA,2024-06-11
177,crucecita,-28.95,-58.9833,22.76,72,54,3.19,AR,2024-06-11
178,khvoynaya,58.9,34.5333,12.16,96,71,1.53,RU,2024-06-11
179,nuku'alofa,-21.1333,-175.2,25.19,78,75,6.69,TO,2024-06-11
180,sretensk,52.2453,117.7093,14.72,63,100,2.25,RU,2024-06-11
181,el paujil,1.5701,-75.3286,21.49,96,78,1.26,CO,2024-06-11
182,chonchi,-42.6128,-73.8092,11.56,98,28,1.12,CL,2024-06-11
183,sinton,28.0367,-97.5092,35.66,47,6,7.6,US,2024-06-11
184,grand gaube,-20.0064,57.6608,24.1,78,46,4.02,MU,2024-06-11
185,hamilton,39.1834,-84.5333,25.43,41,0,2.06,US,2024-06-11
186,ban houakhoua,20.2453,100.4547,23.28,99,100,0.33,LA,2024-06-11
187,saint-pierre,-21.3393,55.4781,22.82,78,100,2.06,RE,2024-06-11
188,sandnessjoen,66.0217,12.6316,8.29,78,100,5.45,NO,2024-06-11
189,ribeira grande,38.5167,-28.7,18.21,84,54,2.24,PT,2024-06-11
190,coquimbo,-29.9533,-71.3436,11.85,100,100,3.09,CL,2024-06-11
191,pocone,-16.2567,-56.6228,25.69,34,17,0.92,BR,2024-06-11
192,horta,38.5333,-28.6333,17.79,84,63,2.24,PT,2024-06-11
193,as sulayyil,20.4607,45.5779,33.14,14,1,3.28,SA,2024-06-11
194,meulaboh,4.1363,96.1285,25.42,90,100,2.15,ID,2024-06-11
195,saint-joseph,-21.3667,55.6167,22.21,86,100,5.1,RE,2024-06-11
196,kota bharu,6.1333,102.2386,25.97,89,20,1.03,MY,2024-06-11
197,akureyri,65.6835,-18.0878,5.96,93,75,5.14,IS,2024-06-11
198,zwedru,6.0667,-8.1281,22.73,99,100,1.75,LR,2024-06-11
199,siguiri,11.6667,-9.5,28.83,58,82,0.8,GN,2024-06-11
200,laguna,38.421,-121.4238,40.19,29,0,3.6,US,2024-06-11
201,jaszbereny,47.5,19.9167,17.94,86,41,0.45,HU,2024-06-11
202,port augusta,-32.5,137.7667,12.93,89,33,1.06,AU,2024-06-11
203,sinnar,13.5691,33.5672,30.17,53,98,4.25,SD,2024-06-11
204,al bardiyah,31.7561,25.0865,25.01,49,0,1.42,LY,2024-06-11
205,jolo,6.05,121.0167,27.05,80,100,0.4,PH,2024-06-11
206,grand falls-windsor,48.9332,-55.6649,16.95,92,50,1.58,CA,2024-06-11
207,yendi,9.4427,-0.0099,27.1,71,40,2.21,GH,2024-06-11
208,sisimiut,66.9395,-53.6735,3.95,98,100,1.27,GL,2024-06-11
209,dul'durga,50.6761,113.5931,13.76,77,90,3.03,RU,2024-06-11
210,rio grande,-32.035,-52.0986,18.06,92,100,6.2,BR,2024-06-11
211,ghat,24.9647,10.1728,33.35,8,0,2.2,LY,2024-06-11
212,island harbour,50.724,-1.2758,12.78,72,82,2.24,GB,2024-06-11
213,aral,40.5156,81.2636,25.47,29,58,2.73,CN,2024-06-11
214,mount pleasant,32.7941,-79.8626,29.43,71,0,4.12,US,2024-06-11
215,callaway,30.153,-85.5699,34.39,47,40,3.09,US,2024-06-11
216,carbondale,37.7273,-89.2168,26.0,33,0,2.06,US,2024-06-11
217,dudinka,69.4058,86.1778,5.38,85,100,4.92,RU,2024-06-11
218,carnarvon,-24.8667,113.6333,19.25,88,100,3.13,AU,2024-06-11
219,brak,27.5496,14.2714,33.26,12,0,2.5,LY,2024-06-11
220,kattivakkam,13.2167,80.3167,29.05,91,100,4.38,IN,2024-06-11
221,afaahiti,-17.75,-149.2833,27.93,66,50,8.46,PF,2024-06-11
222,darwin,-12.4611,130.8418,21.08,87,0,3.6,AU,2024-06-11
223,harstad,68.799,16.5293,10.66,97,72,1.34,NO,2024-06-11
224,huarmey,-10.0681,-78.1522,19.35,80,48,3.03,PE,2024-06-11
225,tarawa,1.419,172.984,31.05,70,40,4.12,KI,2024-06-11
226,kununurra,-15.7667,128.7333,13.99,94,51,0.0,AU,2024-06-11
227,preobrazheniye,42.9019,133.9064,18.34,88,92,2.5,RU,2024-06-11
228,taupo,-38.6833,176.0833,8.57,68,5,1.38,NZ,2024-06-11
229,port lincoln,-34.7333,135.8667,14.2,83,66,4.15,AU,2024-06-11
230,puerto ayora,-0.7393,-90.3518,27.98,95,97,1.34,EC,2024-06-11
231,liezen,47.5667,14.2333,8.68,99,100,1.36,AT,2024-06-11
232,quepos,9.4236,-84.1652,26.8,85,100,0.71,CR,2024-06-11
233,keningau,5.3378,116.1602,22.3,98,97,0.4,MY,2024-06-11
234,pul-e khumri,35.9446,68.7151,27.23,23,0,1.85,AF,2024-06-11
235,moengo,5.6167,-54.4,22.77,100,100,0.94,SR,2024-06-11
236,umba,66.6871,34.3429,6.22,98,87,2.71,RU,2024-06-11
237,lesnoy,57.6198,63.0784,13.67,80,58,2.58,RU,2024-06-11
238,fuerte olimpo,-21.0415,-57.8738,26.76,37,0,2.79,PY,2024-06-11
239,murzuq,25.9155,13.9184,32.17,12,0,1.7,LY,2024-06-11
240,lerwick,60.1545,-1.1494,8.0,73,100,8.01,GB,2024-06-11
241,kruisfontein,-34.0033,24.7314,20.49,30,53,7.98,ZA,2024-06-11
242,waiuku,-37.25,174.75,13.94,92,60,2.01,NZ,2024-06-11
243,westport,41.1415,-73.3579,22.75,62,75,2.57,US,2024-06-11
244,lorengau,-2.0226,147.2712,28.54,78,100,1.31,PG,2024-06-11
245,labrador city,52.9463,-66.9114,20.1,24,40,1.03,CA,2024-06-11
246,juneau,58.3019,-134.4197,17.0,100,20,5.66,US,2024-06-11
247,kanpur,26.4667,80.35,34.26,26,74,2.73,IN,2024-06-11
248,selfoss,63.9331,-20.9971,8.91,90,8,2.41,IS,2024-06-11
249,le port,-20.9373,55.2919,23.0,82,100,3.0,RE,2024-06-11
250,porto velho,-8.7619,-63.9039,28.03,74,40,0.51,BR,2024-06-11
251,puerto baquerizo moreno,-0.9,-89.6,24.55,73,20,8.23,EC,2024-06-11
252,enterprise,36.0252,-115.2419,41.76,10,0,3.09,US,2024-06-11
253,pemangkat,1.1667,108.9667,26.0,87,91,1.82,ID,2024-06-11
254,dryden,49.7833,-92.7503,13.16,88,100,6.17,CA,2024-06-11
255,houlton,46.1262,-67.8403,22.62,73,100,1.54,US,2024-06-11
256,cajazeiras,-6.8903,-38.5553,29.07,43,70,4.41,BR,2024-06-11
257,severnoye,56.3491,78.3619,15.55,91,100,5.81,RU,2024-06-11
258,kerikeri,-35.2268,173.9474,14.39,80,1,1.34,NZ,2024-06-11
259,ulsteinvik,62.3432,5.8487,9.06,84,100,4.47,NO,2024-06-11
260,adrar,20.5022,-10.0711,31.55,19,5,5.76,MR,2024-06-11
261,ola,59.5833,151.2833,10.08,60,92,2.2,RU,2024-06-11
262,rokiskis,55.9667,25.5833,9.42,95,46,3.51,LT,2024-06-11
263,beau vallon,-20.4189,57.6953,24.01,78,20,7.2,MU,2024-06-11
264,ronne,55.1009,14.7066,12.95,82,75,7.72,DK,2024-06-11
265,zouerate,22.7187,-12.4521,28.56,25,10,5.72,MR,2024-06-11
266,inhambane,-23.865,35.3833,20.36,63,78,2.26,MZ,2024-06-11
267,opuwo,-18.0607,13.84,16.37,41,0,3.69,NA,2024-06-11
268,bandarbeyla,9.4942,50.8122,26.13,79,96,10.7,SO,2024-06-11
269,taro,-8.3862,115.28,22.0,100,87,0.66,ID,2024-06-11
270,enewetak,11.3474,162.3373,28.18,80,95,9.09,MH,2024-06-11
271,gadzhiyevo,69.2551,33.3362,6.12,96,85,3.33,RU,2024-06-11
272,usogorsk,63.4106,48.6872,14.26,99,89,1.5,RU,2024-06-11
273,bonchamp-les-laval,48.0736,-0.7,10.06,81,0,1.54,FR,2024-06-11
274,florence,43.7667,11.25,20.03,70,40,3.09,IT,2024-06-11
275,gueugnon,46.6036,4.0629,11.07,82,86,1.61,FR,2024-06-11
276,soligalich,59.0778,42.2864,17.6,99,100,1.25,RU,2024-06-11
277,weesp,52.3075,5.0417,11.14,92,20,2.24,NL,2024-06-11
278,gamboma,-1.8764,15.8644,24.04,44,62,1.1,CG,2024-06-11
279,copala,16.65,-98.9833,28.97,68,56,3.55,MX,2024-06-11
280,necochea,-38.5473,-58.7368,11.01,69,42,3.9,AR,2024-06-11
281,gaigeturi,33.4644,126.3183,21.03,78,100,1.54,KR,2024-06-11
282,kismayo,-0.3582,42.5454,25.78,79,51,8.12,SO,2024-06-11
283,santa luzia,-19.7697,-43.8514,23.5,51,0,3.6,BR,2024-06-11
284,fauske,67.2588,15.3918,9.32,92,100,1.88,NO,2024-06-11
285,nabire,-3.3667,135.4833,26.04,85,98,1.3,ID,2024-06-11
286,mana,5.6592,-53.7767,25.01,90,100,2.85,GF,2024-06-11
287,ain oussera,35.4514,2.9058,20.14,55,0,5.06,DZ,2024-06-11
288,pandan,14.0453,124.1694,28.97,78,30,2.11,PH,2024-06-11
289,happy valley-goose bay,53.3168,-60.3315,14.17,62,20,3.09,CA,2024-06-11
290,luwingu,-10.2621,29.9271,10.6,77,40,2.31,ZM,2024-06-11
291,san juan de miraflores,-12.1629,-76.9635,22.87,76,100,1.61,PE,2024-06-11
292,daru,-9.0763,143.2092,25.46,87,100,7.39,PG,2024-06-11
293,ingeniero jacobacci,-41.3427,-69.5448,6.72,81,100,1.4,AR,2024-06-11
294,taksimo,56.3444,114.8794,15.58,75,91,0.83,RU,2024-06-11
295,smithers,54.7804,-127.1743,10.18,93,100,1.54,CA,2024-06-11
296,nemuro,43.3236,145.575,12.12,94,96,0.98,JP,2024-06-11
297,mariinskiy posad,56.115,47.718,21.52,90,100,4.6,RU,2024-06-11
298,lompoc,34.6391,-120.4579,22.14,75,0,6.17,US,2024-06-11
299,bamboo flat,11.7,92.7167,28.05,89,40,2.57,IN,2024-06-11
300,eureka,40.8021,-124.1637,26.48,78,20,4.47,US,2024-06-11
301,fortaleza,-3.7227,-38.5247,27.9,78,0,3.6,BR,2024-06-11
302,sechura,-5.5569,-80.8222,22.66,65,27,7.26,PE,2024-06-11
303,paita,-5.0892,-81.1144,19.67,82,23,6.16,PE,2024-06-11
304,fort st. john,56.2499,-120.8529,16.94,36,75,1.03,CA,2024-06-11
305,bac giang,21.2667,106.2,28.04,86,87,1.59,VN,2024-06-11
306,nishinoomote,30.7333,131.0,23.49,86,100,9.12,JP,2024-06-11
307,northam,51.0333,-4.2167,11.45,76,91,3.06,GB,2024-06-11
308,xai-xai,-25.0519,33.6442,16.82,87,3,1.45,MZ,2024-06-11
309,arkhangel'sk,64.5401,40.5433,12.85,100,40,2.0,RU,2024-06-11
310,touros,-5.1989,-35.4608,25.66,84,11,5.52,BR,2024-06-11
311,kristiansund,63.1115,7.732,9.03,87,100,1.03,NO,2024-06-11
312,north bend,43.4065,-124.2243,20.69,67,100,9.26,US,2024-06-11
313,bardai,11.65,7.2333,24.59,65,89,2.7,NG,2024-06-11
314,manado,1.487,124.8455,24.43,94,20,0.51,ID,2024-06-11
315,zakamensk,50.3741,103.2863,9.24,83,39,0.79,RU,2024-06-11
316,benguela,-12.5763,13.4055,21.27,87,12,0.63,AO,2024-06-11
317,hastings,50.8552,0.5729,11.07,82,94,3.73,GB,2024-06-11
318,beaudesert,-27.9833,152.9833,19.27,54,55,1.64,AU,2024-06-11
319,peace river,56.2501,-117.286,14.17,76,75,0.0,CA,2024-06-11
320,thongwa,16.7619,96.5278,25.09,90,100,2.03,MM,2024-06-11
321,borogontsy,62.6683,131.1683,18.01,60,72,1.8,RU,2024-06-11
322,saudarkrokur,65.7461,-19.6394,9.77,68,12,0.7,IS,2024-06-11
323,sinabang,2.4803,96.3801,25.92,85,100,0.51,ID,2024-06-11
324,loa janan,-0.583,117.095,23.74,97,77,0.52,ID,2024-06-11
325,kunashak,55.7032,61.5498,18.29,86,68,2.94,RU,2024-06-11
326,hami,42.8,93.45,28.26,21,56,5.64,CN,2024-06-11
327,vernon,50.2581,-119.2691,26.2,28,60,12.52,CA,2024-06-11
328,antsiranana,-12.2787,49.2917,23.95,74,100,3.47,MG,2024-06-11
329,sao felix do xingu,-6.6447,-51.995,25.17,58,93,1.5,BR,2024-06-11
330,mkushi,-13.6202,29.3939,9.87,68,4,3.26,ZM,2024-06-11
331,queenstown,-31.8976,26.8753,11.23,30,100,4.92,ZA,2024-06-11
332,dunedin,-45.8742,170.5036,8.22,70,81,3.58,NZ,2024-06-11
333,ixtapa,20.7,-105.2,27.35,82,76,0.89,MX,2024-06-11
334,isangel,-19.55,169.2667,26.06,83,40,2.57,VU,2024-06-11
335,klaksvik,62.2266,-6.589,7.51,79,97,5.9,FO,2024-06-11
336,ciudad rio bravo,25.9833,-98.1,39.6,40,5,8.42,MX,2024-06-11
337,don luan,11.5333,106.9167,25.52,95,45,0.69,VN,2024-06-11
338,alo,7.4178,6.7371,23.68,92,85,0.81,NG,2024-06-11
339,aur,8.1499,171.1687,28.12,82,35,7.51,MH,2024-06-11
340,utrik,11.2278,169.8474,27.9,82,44,9.88,MH,2024-06-11
341,tinghir,31.5157,-5.5343,22.33,41,72,1.09,MA,2024-06-11
342,rudnyy,52.9594,63.1206,11.13,67,23,1.63,KZ,2024-06-11
343,lake city,30.1897,-82.6393,33.81,55,40,3.09,US,2024-06-11
344,tangalle,6.024,80.7911,26.24,90,99,5.64,LK,2024-06-11
345,posto fiscal rolim de moura,-13.0833,-62.2667,28.27,46,59,0.4,BR,2024-06-11
346,zuzemberk,45.8339,14.9292,17.38,91,73,0.33,SI,2024-06-11
347,porto novo,6.4965,2.6036,25.44,88,33,2.43,BJ,2024-06-11
348,ta`u,-14.2336,-169.5144,27.26,82,99,8.54,AS,2024-06-11
349,inirida,3.8653,-67.9239,24.46,95,64,1.05,CO,2024-06-11
350,karkira,36.9292,6.5856,18.68,91,100,1.36,DZ,2024-06-11
351,al'met'yevsk,54.9044,52.3154,20.61,80,3,3.46,RU,2024-06-11
352,kailua-kona,19.6406,-155.9956,30.15,73,40,4.63,US,2024-06-11
353,la reforma,25.0833,-108.05,31.35,59,18,5.35,MX,2024-06-11
354,baiyin,36.5583,104.2081,20.43,36,82,2.09,CN,2024-06-11
355,gargalianoi,37.0667,21.6333,25.2,32,2,1.43,GR,2024-06-11
356,merizo village,13.2658,144.6691,26.31,78,100,3.32,GU,2024-06-11
357,boguchany,58.3814,97.4531,15.84,77,18,1.13,RU,2024-06-11
358,saint-jean-de-maurienne,45.1667,6.5833,2.8,97,97,3.44,FR,2024-06-11
359,marang,5.2056,103.2059,26.95,90,63,1.14,MY,2024-06-11
360,okha,53.5739,142.9478,6.25,95,100,4.02,RU,2024-06-11
361,belomorsk,64.5232,34.7668,10.04,83,36,2.4,RU,2024-06-11
362,al jawf,29.5,38.75,26.68,19,0,3.99,SA,2024-06-11
363,laojunmiao,39.8333,97.7333,20.01,23,99,2.62,CN,2024-06-11
364,tralee,52.2704,-9.7026,7.5,88,72,0.24,IE,2024-06-11
365,nago,26.5881,127.9761,26.75,95,100,5.36,JP,2024-06-11
366,yeosu,34.7546,127.6599,20.63,77,0,1.54,KR,2024-06-11
367,una,20.8167,71.0333,28.58,78,64,4.49,IN,2024-06-11
368,huaihua,27.5494,109.9592,23.98,97,66,1.28,CN,2024-06-11
369,moreira sales,-24.0622,-53.0069,20.53,55,0,2.36,BR,2024-06-11
370,port blair,11.6667,92.75,28.02,89,40,2.57,IN,2024-06-11
371,awjilah,29.1081,21.2869,31.6,15,0,2.04,LY,2024-06-11
372,kibiya,11.5263,8.6623,24.24,69,89,2.18,NG,2024-06-11
373,katsuura,35.1333,140.3,23.11,82,98,3.82,JP,2024-06-11
374,torghay,49.6339,63.4981,18.75,54,2,3.34,KZ,2024-06-11
375,curuca,-0.7289,-47.8481,23.61,98,94,1.47,BR,2024-06-11
376,i-n-salah,27.1935,2.4607,37.37,12,0,4.34,DZ,2024-06-11
377,marsh harbour,26.5412,-77.0636,28.3,72,100,6.66,BS,2024-06-11
378,port elizabeth,-33.918,25.5701,21.72,67,0,2.06,ZA,2024-06-11
379,esens,53.6487,7.6127,11.66,89,69,2.57,DE,2024-06-11
380,tsiombe,-25.3,45.4833,18.23,85,96,5.93,MG,2024-06-11
381,itoman,26.1247,127.6694,26.72,100,75,6.17,JP,2024-06-11
382,newman,37.3138,-121.0208,37.13,12,0,4.54,US,2024-06-11
383,madinat sittah uktubar,29.8167,31.05,27.78,41,0,5.54,EG,2024-06-11
384,joroinen,62.1782,27.8317,10.55,87,86,2.2,FI,2024-06-11
385,kimbe,-5.5502,150.1429,29.51,70,93,1.41,PG,2024-06-11
386,pitimbu,-7.4706,-34.8086,25.33,86,15,5.11,BR,2024-06-11
387,port-vila,-17.7338,168.3219,25.78,89,75,2.06,VU,2024-06-11
388,walvis bay,-22.9575,14.5053,13.94,76,12,2.84,NA,2024-06-11
389,roma,43.2128,-75.4557,17.75,72,100,2.57,US,2024-06-11
390,la paz,-16.5,-68.15,12.99,25,46,3.6,BO,2024-06-11
391,magadan,59.5667,150.8,9.74,64,95,2.68,RU,2024-06-11
392,vuktyl,63.8567,57.3094,15.06,86,100,2.24,RU,2024-06-11
393,aki,33.5,133.9,20.97,73,100,0.82,JP,2024-06-11
394,douz,33.4663,9.0203,30.55,36,61,5.02,TN,2024-06-11
395,santa ana de yacuma,-13.75,-65.4333,29.97,70,40,0.0,BO,2024-06-11
396,new bern,35.1085,-77.0441,28.03,63,100,4.63,US,2024-06-11
397,bondoukou,8.0333,-2.8,22.88,94,24,2.13,CI,2024-06-11
398,guiuan,11.0333,125.7247,29.04,75,100,3.07,PH,2024-06-11
399,kudahuvadhoo,2.6708,72.8944,28.44,77,69,5.78,MV,2024-06-11
400,saint-philippe,-21.3585,55.7679,22.77,89,100,5.73,RE,2024-06-11
401,crane,31.3974,-102.3501,34.8,24,0,3.36,US,2024-06-11
402,ilha de mocambique,-15.0342,40.7358,21.72,80,1,7.09,MZ,2024-06-11
403,nikel,69.4128,30.222,5.1,91,76,3.47,RU,2024-06-11
404,ma'rib,15.4591,45.3253,27.59,16,21,3.78,YE,2024-06-11
405,susuman,62.7833,148.1667,13.21,37,10,2.27,RU,2024-06-11
406,vorkuta,67.5,64.0,5.62,69,58,3.13,RU,2024-06-11
407,canutama,-6.5339,-64.3831,27.2,65,91,0.63,BR,2024-06-11
408,den burg,53.0542,4.7972,11.66,79,100,3.6,NL,2024-06-11
409,nagqu,31.5,92.0,5.03,86,78,1.35,CN,2024-06-11
410,nema,57.5067,50.5011,18.41,88,88,4.57,RU,2024-06-11
411,ramshir,30.8946,49.4092,31.92,23,0,1.26,IR,2024-06-11
412,timmins,48.4669,-81.3331,22.9,25,40,6.17,CA,2024-06-11
413,qingyuan,23.7,113.0333,26.99,95,95,0.93,CN,2024-06-11
414,lewistown,40.5992,-77.5714,21.25,76,100,0.0,US,2024-06-11
415,andergrove,-21.0833,149.1833,19.8,61,0,2.15,AU,2024-06-11
416,acapulco de juarez,16.8634,-99.8901,26.83,70,81,3.64,MX,2024-06-11
417,castillos,-34.1667,-53.8333,13.33,86,100,3.46,UY,2024-06-11
418,piliscsaba,47.6342,18.8289,17.63,70,58,2.38,HU,2024-06-11
419,gwanda,-20.9333,29.0,7.8,72,2,1.25,ZW,2024-06-11
420,howrah,22.5892,88.3103,30.0,89,40,4.63,IN,2024-06-11
421,cabedelo,-6.9811,-34.8339,25.37,86,17,5.37,BR,2024-06-11
422,glen innes,-29.7333,151.7333,9.65,66,22,6.02,AU,2024-06-11
423,xam nua,20.4197,104.0439,20.99,96,100,1.27,LA,2024-06-11
424,keflavik,64.0049,-22.5624,10.95,81,75,8.23,IS,2024-06-11
425,inarajan village,13.2736,144.7484,26.54,77,100,3.44,GU,2024-06-11
426,pizarro,4.9533,-77.366,26.82,83,91,2.72,CO,2024-06-11
427,vitry-le-francois,48.7333,4.5833,9.23,91,29,1.75,FR,2024-06-11
428,labasa,-16.4167,179.3833,26.99,75,100,3.34,FJ,2024-06-11
429,jiangzi,28.95,89.6333,7.35,51,19,0.53,CN,2024-06-11
430,kavaratti,10.5669,72.642,28.45,81,100,7.23,IN,2024-06-11
431,tidjikja,18.5564,-11.4271,34.92,18,15,7.03,MR,2024-06-11
432,luuq,3.7938,42.5445,25.43,66,97,8.82,SO,2024-06-11
433,kramfors,62.9316,17.7765,10.89,87,75,2.06,SE,2024-06-11
434,petauke,-14.2426,31.3253,12.73,71,1,4.21,ZM,2024-06-11
435,alesund,62.4723,6.1549,9.07,79,40,4.63,NO,2024-06-11
436,kokopo,-4.352,152.2633,28.27,74,97,2.57,PG,2024-06-11
437,luderitz,-26.6481,15.1594,14.1,90,90,3.78,NA,2024-06-11
438,buala,-8.145,159.5921,29.0,75,96,2.56,SB,2024-06-11
439,nova vicosa,-17.8919,-39.3719,22.58,75,6,2.52,BR,2024-06-11
440,tripoli,32.8752,13.1875,26.66,64,21,4.06,LY,2024-06-11
441,san julian,21.0167,-102.1667,31.79,15,72,6.79,MX,2024-06-11
442,tofol,5.3248,163.0078,28.88,84,75,5.66,FM,2024-06-11
443,tadine,-21.55,167.8833,23.19,57,4,4.21,NC,2024-06-11
444,vila do maio,15.1333,-23.2167,24.44,86,0,4.75,CV,2024-06-11
445,segarcea,44.1,23.75,20.29,73,1,5.22,RO,2024-06-11
446,bubaque,11.2833,-15.8333,27.31,85,92,2.23,GW,2024-06-11
447,fale old settlement,-9.3852,-171.2468,28.51,76,91,4.07,TK,2024-06-11
448,mahajanga,-15.7167,46.3167,21.01,88,0,0.51,MG,2024-06-11
449,khandyga,62.6667,135.6,18.35,47,86,1.29,RU,2024-06-11
450,mount pearl,47.5166,-52.7813,19.19,59,40,5.14,CA,2024-06-11
451,pacific grove,36.6177,-121.9166,27.44,82,0,3.58,US,2024-06-11
452,pariaman,-0.619,100.12,25.03,80,95,1.75,ID,2024-06-11
453,yung shue wan,22.2333,114.1167,29.86,88,84,4.2,HK,2024-06-11
454,margate,51.3813,1.3862,11.5,81,96,0.89,GB,2024-06-11
455,amga,60.8953,131.9608,19.43,49,7,1.19,RU,2024-06-11
456,ketchikan,55.3422,-131.6461,13.52,88,100,4.12,US,2024-06-11
457,richards bay,-28.783,32.0377,18.16,59,85,7.2,ZA,2024-06-11
458,maun,-19.9833,23.4167,12.98,44,0,4.12,BW,2024-06-11
459,tomatlan,19.9333,-105.25,30.49,60,89,3.91,MX,2024-06-11
460,poronaysk,49.2167,143.1167,8.15,96,100,2.97,RU,2024-06-11
461,christiana,-27.914,25.1611,7.8,48,47,4.51,ZA,2024-06-11
462,mushie,-3.0167,16.9,23.5,39,67,0.59,CD,2024-06-11
463,lisala,2.15,21.5167,22.14,85,92,0.99,CD,2024-06-11
464,priob'ye,62.5206,65.5964,15.57,64,100,3.23,RU,2024-06-11
465,tobelo,1.7284,128.0095,26.22,87,100,3.32,ID,2024-06-11
466,san antonio de pale,-1.4014,5.6325,24.52,86,91,4.78,GQ,2024-06-11
467,manismata,-2.4667,111.0333,23.52,99,100,1.48,ID,2024-06-11
468,st. john's,47.5649,-52.7093,19.66,59,40,5.14,CA,2024-06-11
469,jinshi,29.6049,111.8701,25.18,87,85,2.2,CN,2024-06-11
470,pisco,-13.7,-76.2167,18.03,88,20,3.09,PE,2024-06-11
471,taco pozo,-25.6167,-63.2833,21.59,67,0,1.75,AR,2024-06-11
472,bol,13.4586,14.7147,27.15,72,67,4.7,TD,2024-06-11
473,nar'yan-mar,67.6713,53.087,6.73,90,78,3.58,RU,2024-06-11
474,kushiro,42.975,144.3747,16.53,100,40,4.12,JP,2024-06-11
475,badger,64.8,-147.5333,21.95,59,75,3.6,US,2024-06-11
476,kidal,18.4411,1.4078,34.67,19,0,2.32,ML,2024-06-11
477,ishigaki,24.3448,124.1572,29.07,89,100,7.72,JP,2024-06-11
478,ghanzi,-21.5667,21.7833,9.38,47,28,3.53,BW,2024-06-11
479,kuqa,41.7278,82.9364,24.42,29,16,2.54,CN,2024-06-11
480,balabac,7.9868,117.0645,27.93,72,99,0.57,PH,2024-06-11
481,altay,47.8667,88.1167,15.73,68,17,1.74,CN,2024-06-11
482,kolonia,50.9333,6.95,11.09,79,20,2.57,DE,2024-06-11
483,gagliano del capo,39.8442,18.3695,22.36,94,48,4.12,IT,2024-06-11
484,sault ste. marie,46.5168,-84.3333,20.16,39,0,5.66,CA,2024-06-11
485,quellon,-43.1167,-73.6167,10.04,94,34,2.43,CL,2024-06-11
486,tolanaro,-25.0319,46.9987,18.04,94,75,4.12,MG,2024-06-11
487,lospalos,-8.5186,127.0025,21.28,81,100,2.71,TL,2024-06-11
488,conduaga,8.862,117.4893,27.39,79,88,0.84,PH,2024-06-11
489,sausset-les-pins,43.3314,5.1043,16.94,51,0,6.17,FR,2024-06-11
490,bafoulabe,13.8065,-10.8321,37.18,29,40,1.76,ML,2024-06-11
491,brisas de zicatela,15.8369,-97.0419,30.29,79,100,3.09,MX,2024-06-11
492,sijunjung,-0.6876,100.9537,22.35,97,87,0.57,ID,2024-06-11
493,kem',64.9555,34.5793,9.36,80,44,3.03,RU,2024-06-11
494,hoganas,56.1997,12.558,12.81,84,18,6.71,SE,2024-06-11
495,iganga,0.6092,33.4686,17.92,92,4,1.82,UG,2024-06-11
496,mohr,54.3528,9.7167,10.08,91,100,3.09,DE,2024-06-11
497,warman,52.3168,-106.5679,21.95,53,20,1.54,CA,2024-06-11
498,imbituba,-28.24,-48.6703,22.14,92,79,1.9,BR,2024-06-11
499,vizinga,61.0749,50.1031,18.24,96,100,4.26,RU,2024-06-11
500,chinde,26.8418,88.0763,20.19,80,23,2.49,NP,2024-06-11
501,bac lieu,9.285,105.7244,27.46,82,26,3.38,VN,2024-06-11
502,san patricio,28.017,-97.5169,35.65,47,5,7.59,US,2024-06-11
503,cherepovets,59.1333,37.9,14.32,93,100,1.57,RU,2024-06-11
504,mount gambier,-37.8333,140.7667,10.94,62,92,4.57,AU,2024-06-11
505,ushaw moor,54.778,-1.6472,8.58,89,100,0.9,GB,2024-06-11
506,prado,-17.3411,-39.2208,22.16,74,12,2.34,BR,2024-06-11
507,wankaner,22.6167,70.9333,27.93,77,1,6.6,IN,2024-06-11
508,camabatela,-8.1881,15.375,15.29,40,47,0.91,AO,2024-06-11
509,luwuk,-0.9516,122.7875,22.67,93,100,2.23,ID,2024-06-11
510,shemysheyka,52.892,45.3928,17.8,66,4,3.04,RU,2024-06-11
511,moires,35.0532,24.8744,27.9,22,4,0.93,GR,2024-06-11
512,benghazi,32.1167,20.0667,30.5,31,23,1.91,LY,2024-06-11
513,mao,39.8885,4.2658,19.31,72,20,4.63,ES,2024-06-11
514,okhotsk,59.3833,143.3,9.28,72,6,0.6,RU,2024-06-11
515,ad dawadimi,24.5077,44.3924,32.64,14,48,3.59,SA,2024-06-11
516,sal rei,16.1833,-22.9167,22.24,87,9,6.28,CV,2024-06-11
517,sterling,39.0062,-77.4286,23.6,55,40,4.12,US,2024-06-11
518,midvagur,62.0511,-7.1939,7.46,87,100,2.57,FO,2024-06-11
519,geneseo,42.7959,-77.8169,15.27,82,94,2.22,US,2024-06-11
520,colchani,-20.3,-66.9333,5.09,27,87,1.92,BO,2024-06-11
521,vredendal,-31.6683,18.5012,13.92,91,22,3.84,ZA,2024-06-11
522,erenhot,43.6475,111.9767,23.81,34,99,1.53,CN,2024-06-11
523,iquique,-20.2208,-70.1431,18.02,81,45,2.35,CL,2024-06-11
524,debark',13.1561,37.8981,12.12,77,100,0.48,ET,2024-06-11
525,periyakulam,10.1167,77.55,24.8,79,100,2.38,IN,2024-06-11
526,raja,8.4596,25.678,21.84,91,97,1.85,SS,2024-06-11
527,vila franca do campo,37.7167,-25.4333,18.27,99,63,1.48,PT,2024-06-11
528,riohacha,11.5444,-72.9072,35.06,59,20,5.14,CO,2024-06-11
529,rio gallegos,-51.6226,-69.2181,3.03,93,100,4.63,AR,2024-06-11
530,parun,35.4207,70.9221,5.42,75,4,5.57,AF,2024-06-11
531,nogliki,51.8333,143.1667,6.86,93,100,2.68,RU,2024-06-11
532,champerico,14.3,-91.9167,31.3,79,100,4.95,GT,2024-06-11
533,arica,-18.475,-70.3042,19.75,72,0,3.6,CL,2024-06-11
534,malanville,11.8685,3.3899,26.45,76,96,3.96,BJ,2024-06-11
535,bekalta,35.6174,10.9947,23.01,82,0,7.7,TN,2024-06-11
536,sao jose da coroa grande,-8.8978,-35.1478,24.79,86,36,3.39,BR,2024-06-11
537,valdosta,30.8327,-83.2785,33.95,50,0,4.63,US,2024-06-11
538,tera,14.0078,0.7531,31.55,46,75,8.59,NE,2024-06-11
539,estevan,49.1334,-102.9842,26.23,38,0,3.6,CA,2024-06-11
540,hilo,19.7297,-155.09,27.85,77,0,5.14,US,2024-06-11
541,al fqih ben calah,32.5009,-6.6906,19.6,63,22,3.13,MA,2024-06-11
542,homer,59.6425,-151.5483,11.94,77,20,7.15,US,2024-06-11
543,wallajahbad,12.7667,79.7833,28.64,59,95,4.4,IN,2024-06-11
544,sona,45.4388,10.8255,17.49,87,75,8.23,IT,2024-06-11
545,eldorado at santa fe,35.5264,-105.9347,27.68,36,0,5.66,US,2024-06-11
546,qamdo,31.1667,97.2333,9.36,74,84,0.66,CN,2024-06-11
547,iquitos,-3.7481,-73.2472,28.02,83,20,1.03,PE,2024-06-11
548,sola,-13.8833,167.55,26.87,78,53,2.11,VU,2024-06-11
549,flin flon,54.7682,-101.865,12.91,82,100,2.57,CA,2024-06-11
550,jabor,5.921,169.6434,28.61,81,44,6.27,MH,2024-06-11
551,racine,42.7495,-88.0751,22.94,51,100,2.06,US,2024-06-11
552,mahdia,35.5047,11.0622,22.97,81,2,6.88,TN,2024-06-11
553,antofagasta,-23.65,-70.4,15.6,89,17,3.25,CL,2024-06-11
554,huazhou,21.6333,110.5833,27.08,88,95,0.92,CN,2024-06-11
555,proddatur,14.7333,78.55,27.33,70,89,7.12,IN,2024-06-11
556,gizo,-8.103,156.8419,28.28,77,82,3.36,SB,2024-06-11
557,narrabri,-30.3167,149.7833,13.62,72,55,0.89,AU,2024-06-11
558,tingi,-11.3,35.0333,11.97,81,61,0.37,TZ,2024-06-11
559,farrukhnagar,17.0778,78.2011,23.84,94,97,5.24,IN,2024-06-11
560,olyokminsk,60.3736,120.4264,19.68,50,61,0.82,RU,2024-06-11
561,thunder bay,48.4001,-89.3168,13.99,82,100,4.63,CA,2024-06-11
562,inari,68.906,27.0288,11.65,86,87,1.82,FI,2024-06-11
563,codrington,-38.2667,141.9667,11.25,57,99,8.77,AU,2024-06-11
564,tamandare,-8.7597,-35.1047,24.5,87,37,2.96,BR,2024-06-11
565,sevastopol,44.6,33.5333,22.22,60,37,2.68,UA,2024-06-11
